assessment_id,venue_id (Ex-camp_id),user_id,created_at
cCu2yIt0e3cT5kSIKf3c,8VZ3ulzfRaWR34SVusMQ9w,508uIYEsSRORFlDDMwSOHA,"9/4/2025, 9:11:05 a. m."
xAhfbiPMvauHmrFu8IsP,8VZ3ulzfRaWR34SVusMQ9w,vlTNteyCRm6-hOs.YN5HeQ,"9/4/2025, 10:08:26 a. m."
OYZCxlq7a13lKrpYlSKh,d1505uqpRT2ogUWxFkdtGQ,vlTNteyCRm6-hOs.YN5HeQ,"28/4/2025, 6:55:25 a. m."
i5PtP1J1jz1X3IUkgmwC,d1505uqpRT2ogUWxFkdtGQ,508uIYEsSRORFlDDMwSOHA,"30/4/2025, 11:45:26 a. m."
To2c6JB0oURu0SVJTiVU,b4j8cWf.SYGd-tUogrp5fQ,vlTNteyCRm6-hOs.YN5HeQ,"10/6/2025, 7:25:43 a. m."
6q40gFO8ahTJdcUprR8y,KYAr-oZ3TiuN5DRs9Oo4HQ,pOIJawgCRnSTct2LpGPoig,"11/6/2025, 9:55:00 a. m."
E5AJ2WdkJljRRXHt8qwa,b4j8cWf.SYGd-tUogrp5fQ,508uIYEsSRORFlDDMwSOHA,"15/7/2025, 8:31:25 p. m."
Gk8y4fKqQXKf2FehGCXh,P-10CnxbS5StgZAsCy20uQ,vlTNteyCRm6-hOs.YN5HeQ,"17/8/2025, 9:04:44 a. m."
ytIauecWazTAXUs4yELa,PofVQaXGTnOvCHx210DEoQ,vlTNteyCRm6-hOs.YN5HeQ,"22/9/2025, 6:35:08 a. m."
dza55HfnWvvZgEbaWoSj,PofVQaXGTnOvCHx210DEoQ,508uIYEsSRORFlDDMwSOHA,"16/10/2025, 12:18:52 p. m."
DuTV6GIfRPRfr1ujB4cL,R57I7ohJSmGa-3SnJNDbfA,pOIJawgCRnSTct2LpGPoig,"6/1/2026, 11:15:35 p. m."
6g4PyNvfqJE8xQxqxP4k,VabRLgSyQPO5VVchTquvDA,vlTNteyCRm6-hOs.YN5HeQ,"11/2/2026, 12:42:44 p. m."
Mfh3CBhIzNuxUZr7mMIG,VabRLgSyQPO5VVchTquvDA,508uIYEsSRORFlDDMwSOHA,"12/2/2026, 1:17:07 p. m."
KfZxaxb6wYVuF9gObOcQ,8VZ3ulzfRaWR34SVusMQ9w,vlTNteyCRm6-hOs.YN5HeQ,"18/3/2026, 1:18:28 p. m."
QOTdwSSycyFoqxA6X6pw,8VZ3ulzfRaWR34SVusMQ9w,508uIYEsSRORFlDDMwSOHA,"18/3/2026, 1:43:41 p. m."